{"accuracy": [0.5063091516494751, 0.7750906944274902, 0.8419802188873291, 0.8712568283081055, 0.8842591643333435, 0.8833487629890442, 0.8886122703552246, 0.8972330689430237, 0.8986841440200806, 0.892794668674469], "loss": [1.6965924501419067, 0.7083112597465515, 0.49095895886421204, 0.39899203181266785, 0.3569072186946869, 0.3601602017879486, 0.34201839566230774, 0.314239501953125, 0.3160088062286377, 0.3373221158981323], "val_accuracy": [0.7635442614555359, 0.8384361267089844, 0.8786137104034424, 0.8878329396247864, 0.8996699452400208, 0.8891987204551697, 0.9144662022590637, 0.9121329188346863, 0.8722968101501465, 0.9095720648765564], "val_loss": [0.737249493598938, 0.4916881024837494, 0.3598453998565674, 0.34093528985977173, 0.3063088655471802, 0.3402860760688782, 0.2648051679134369, 0.27678120136260986, 0.4071732461452484, 0.2801920473575592]}